{
	"Filmton_Set1": [0,0,0,0,40,0,0,0,21,0,20,0,0],
	"Kassette_Set1": [26,0,0,0,22,0,0,0,0,0,0,0,0],
	"Filmton_Set2": [0,0,0,0,0,0,0,0,0,0,0,0,0],
	"Regen_Set1": [68,0,0,0,22,0,0,0,23,0,0,0,0],
	"Regen_Set2": [10,0,0,0,76,0,0,0,0,0,0,0,0],
	"Applaus_Set2": [47,0,0,0,17,0,0,0,77,0,0,0,0],
	"Kassette_Set2": [47,0,0,0,46,0,39,0,0,0,0,0,26],
	"Schallplatte_Set2": [50,0,16,0,0,0,0,0,0,0,0,0,0],
	"Schallplatte_Set1": [79,0,0,0,0,0,0,0,6,0,0,0,0],
	"Applaus_Set1": [19,0,0,0,0,0,0,0,0,0,0,0,0]
}
